n_rows,feature,n_with_feature,coverage
650,mesh_resolved,247,0.38
650,n_competitors>0,270,0.4153846153846154
650,n_ct_total>0,95,0.14615384615384616
650,n_expand>0,158,0.24307692307692308
650,n_pubmed>0,229,0.3523076923076923
650,atc,635,0.9769230769230769
