feature,coef_std
log_n_pubmed,0.5742659697078681
n_ct_completed,0.20973854401596395
n_competitors,0.036388083678781095
n_ct_terminated,-0.07134532000638978
term_to_total_ratio,-0.2666578309268435
n_expand_terms,-0.716125043402826
