feature,coef_std
n_ct_completed,0.41519939271383294
n_competitors,0.14156444017872474
term_to_total_ratio,-0.1872529442236347
n_ct_terminated,-0.19350014048872657
n_expand_terms,-0.3878141445039787
