feature,n_present,P(pos|present),lift_over_baseline
has_competitor,270,0.1111111111111111,0.9502923976608186
has_pubmed,229,0.1091703056768559,0.9336934038152149
has_expand,158,0.0759493670886076,0.6495669553630913
