{
  "bupropion": 1780880072.3018725,
  "duloxetine": 1780867077.1743839,
  "imatinib": 1780869364.9413779,
  "metformin": 1780868127.2199419,
  "riluzole": 1781191600.6331446,
  "semaglutide": 1780868560.9059868,
  "sildenafil": 1780882768.466999,
  "gefitinib": 1781195264.3056211
}